{"type": "metrics","dataset": "train", "precision": 0.707741935483871, "balanced_accuracy": 0.6512109510886618, "recall": 0.35244341019674214, "f1_score": 0.46232829193839325}
{"type": "metrics","dataset": "test", "precision": 0.7016753006475485, "balanced_accuracy": 0.6647877524827102, "recall": 0.37977998952331066, "f1_score": 0.48494983277591974}
{"type": "cm_matrix", "dataset": "train", "true_0": {"predicted_0": 15659, "predicted_1": 614}, "true_1": {"predicted_0": 3061, "predicted_1": 1666}}
{"type": "cm_matrix", "dataset": "test", "true_0": {"predicted_0": 6835, "predicted_1": 256}, "true_1": {"predicted_0": 1184, "predicted_1": 725}}
